AveragePolicyStd,LossBefore,AverageReturn,Entropy,LossAfter,MaxKL,MinReturn,Perplexity,MeanKL,Time,MaxReturn,NumTrajs,StdReturn,ExplainedVariance,TotalExecTime,ItrTime
0.95845,-0.0,0.0,2.75282,-0.0,0.0,0.0,15.6868,0.0,25.661116123199463,0.0,100,0.0,1,25.35125207901001,25.661226272583008
0.95845,-0.0,0.0,2.75282,-0.0,0.0,0.0,15.6868,0.0,50.7571759223938,0.0,100,0.0,1,24.83179259300232,25.079373598098755
0.95845,-0.0,0.0,2.75282,-0.0,0.0,0.0,15.6868,0.0,75.33648324012756,0.0,100,0.0,1,24.495813608169556,24.568107843399048
0.95845,-0.0,0.0,2.75282,-0.0,0.0,0.0,15.6868,0.0,98.15122938156128,0.0,100,0.0,1,22.589673280715942,22.80452561378479
0.95845,-0.0,0.0,2.75282,-0.0,0.0,0.0,15.6868,0.0,120.46275544166565,0.0,100,0.0,1,22.25357961654663,22.301578521728516
0.95845,-0.0,0.0,2.75282,-0.0,0.0,0.0,15.6868,0.0,143.28377175331116,0.0,100,0.0,1,22.614826202392578,22.816686630249023
0.95845,-0.0,0.0,2.75282,-0.0,0.0,0.0,15.6868,0.0,163.18074464797974,0.0,100,0.0,1,19.836057424545288,19.8850200176239
