StdReturn,Time,ExplainedVariance,AveragePolicyStd,MinReturn,ItrTime,Entropy,AverageReturn,MeanKL,TotalExecTime,MaxReturn,NumTrajs,LossBefore,Perplexity,MaxKL,LossAfter
660.96520332,32.826008319854736,0.195682671799,0.956152,0.0,32.82601523399353,2.7481,275.0,0.047584,32.46015644073486,2000.0,20,0.00411205,15.613,0.592761,-0.000495985
0.0,61.41923475265503,1,0.958128,0.0,28.573298931121826,2.75222,0.0,0.0,28.34587335586548,0.0,20,-0.0,15.6773,0.0,-0.0
2676.73308344,93.97545742988586,0.515597730417,0.958128,0.0,32.529377460479736,2.75222,890.0,0.00983187,32.24925136566162,9500.0,20,-0.0106529,15.6773,0.0795729,-0.0185305
4192.78845162,127.02710032463074,0.305993783807,0.955599,0.0,33.03518223762512,2.74689,1555.0,0.00551637,32.82410025596619,17100.0,20,-0.00542494,15.5941,0.044364,-0.00736043
1555.1205741,158.47063398361206,0.352480852169,0.954316,0.0,31.385048627853394,2.74418,440.0,0.0151872,31.090843439102173,7000.0,20,0.00412712,15.5518,0.0698603,-0.00164807
3820.40246571,193.34805846214294,0.215758250026,0.955287,0.0,34.82930088043213,2.74624,1205.0,0.000359936,34.58767890930176,17500.0,20,-0.00254453,15.5839,0.00404935,-0.00327339
7097.14026915,225.34897637367249,0.662394040744,0.954713,0.0,31.99621844291687,2.74497,3040.0,0.0082083,31.7929847240448,28000.0,20,0.00271825,15.5641,0.075228,-0.00178164
