AveragePolicyStd,MinReturn,Time,LossAfter,MaxKL,MaxReturn,MeanKL,ExplainedVariance,NumTrajs,ItrTime,LossBefore,AverageReturn,Perplexity,Entropy,StdReturn,TotalExecTime
0.956152,0.0,33.90295934677124,-0.0189905,0.54432,2600.0,0.0429113,0.619558825547,20,33.90296173095703,-0.000695571,1425.0,15.613,2.7481,780.944940441,33.450464963912964
0.955812,0.0,69.03595900535583,-0.00527896,0.117076,8100.0,0.0170687,0.440164047125,20,35.13075280189514,-0.000646964,2110.0,15.6021,2.74741,1858.73612974,34.56321310997009
0.955637,0.0,103.64442944526672,-0.0172241,0.0302445,6900.0,0.00408169,0.395087799628,20,34.59947371482849,-0.0145621,1395.0,15.5971,2.74709,1702.4908223,34.18767762184143
0.952166,0.0,135.24661207199097,-0.0106633,0.212485,18100.0,0.0200985,0.495602766514,20,31.587004899978638,-0.00057231,1920.0,15.4839,2.7398,3830.74405305,31.209877967834473
0.952013,0.0,170.8872435092926,-0.00204294,0.0251026,32300.0,0.00323568,0.625180518698,20,35.616976737976074,-0.000428651,4420.0,15.4795,2.73952,7534.29492388,35.25814485549927
0.951914,0.0,204.95538306236267,-0.00728972,0.00787116,35400.0,0.00141339,0.183616168533,20,34.049745082855225,-0.00575953,3905.0,15.4762,2.7393,8129.85085964,33.85251498222351
0.950555,0.0,238.70060014724731,0.00506541,0.0801723,23600.0,0.026351,0.396889415244,20,33.737019777297974,0.00989096,5380.0,15.4317,2.73642,6751.34060761,33.501986265182495
