ItrTime,Time,LossAfter,ExplainedVariance,LossBefore,Entropy,StdReturn,NumTrajs,MinReturn,MeanKL,AverageReturn,TotalExecTime,MaxReturn,Perplexity,AveragePolicyStd,MaxKL
23.8551983833313,23.85519242286682,-0.035895,0.432168663804,-0.00585101,2.7481,6176.02420656,20,0.0,0.341442,5535.0,23.701648473739624,20500.0,15.613,0.956152,1.47296
25.574792623519897,49.438212394714355,-0.0266381,0.789341421349,-0.00802922,2.74225,8860.92545957,20,12200.0,0.0926587,40500.0,25.408461093902588,48800.0,15.5219,0.953329,0.334341
26.536046028137207,75.98412466049194,-0.0546531,0.810358951478,-0.0142799,2.73824,13969.2161555,20,0.0,0.164342,30600.0,26.473644971847534,43900.0,15.4597,0.951415,0.477202
26.308804273605347,102.2998857498169,-0.0708774,0.593316513105,-0.0116922,2.7311,17590.8463412,20,0.0,0.245536,30475.0,26.24286437034607,49100.0,15.3497,0.948037,1.17921
28.62704086303711,130.9509778022766,-0.00961377,0.827193907236,0.0036751,2.72525,17675.9837067,20,0.0,0.0218854,33560.0,28.56802225112915,48200.0,15.2603,0.945263,0.114618
26.985902070999146,157.94378685951233,-0.00616422,0.877471462619,-0.00406918,2.72709,18539.3392547,20,0.0,0.0107692,34270.0,26.870670795440674,49300.0,15.2883,0.946125,0.0388531
31.209060430526733,189.16655564308167,-0.00947865,0.915112151675,-0.00408543,2.72506,14262.6882109,20,0.0,0.0103013,41665.0,31.01677632331848,49800.0,15.2573,0.945161,0.128037
