ExplainedVariance,MinReturn,Perplexity,ItrTime,AveragePolicyStd,LossBefore,TotalExecTime,MaxReturn,Time,MaxKL,NumTrajs,Entropy,LossAfter,AverageReturn,StdReturn,MeanKL
1,0.0,12.9461,17.421951055526733,0.870797,-0.0,17.32729482650757,0.0,17.421947956085205,0.0,20,2.5608,-0.0,0.0,0.0,0.0
1,0.0,12.9461,13.812324523925781,0.870797,-0.0,13.745308637619019,0.0,31.238064765930176,0.0,20,2.5608,-0.0,0.0,0.0,0.0
1,0.0,12.9461,12.882750511169434,0.870797,-0.0,12.815013408660889,0.0,44.13130450248718,0.0,20,2.5608,-0.0,0.0,0.0,0.0
1,0.0,12.9461,11.3401358127594,0.870797,-0.0,11.285067558288574,0.0,55.47509479522705,0.0,20,2.5608,-0.0,0.0,0.0,0.0
1,0.0,12.9461,10.530907392501831,0.870797,-0.0,10.461803674697876,0.0,66.0143392086029,0.0,20,2.5608,-0.0,0.0,0.0,0.0
1,0.0,12.9461,9.725818872451782,0.870797,-0.0,9.691770076751709,0.0,75.74736881256104,0.0,20,2.5608,-0.0,0.0,0.0,0.0
1,0.0,12.9461,9.62112545967102,0.870797,-0.0,9.575397491455078,0.0,85.37359356880188,0.0,20,2.5608,-0.0,0.0,0.0,0.0
