TotalExecTime,StdReturn,NumTrajs,ExplainedVariance,MeanKL,LossBefore,ItrTime,AverageReturn,Time,AveragePolicyStd,Perplexity,MaxKL,MinReturn,MaxReturn,Entropy,LossAfter
31.351864099502563,806.396304555,20,0.197970965358,0.0757701,-0.00770205,31.70030903816223,385.0,31.700302600860596,0.956152,15.613,0.408991,0.0,3600.0,2.7481,-0.0224891
33.658791303634644,6010.70711314,20,0.473252143688,0.0325822,0.00330935,34.08134078979492,4480.0,65.79532861709595,0.952542,15.4932,0.191121,0.0,24600.0,2.7404,0.00361549
30.407060384750366,9238.57537719,20,0.57192695519,0.0230132,0.00101959,30.54142999649048,9315.0,96.34651255607605,0.953307,15.5189,0.0626195,0.0,26000.0,2.74206,-0.00486978
