TotalExecTime,Perplexity,AveragePolicyStd,MinReturn,ItrTime,StdReturn,MeanKL,AverageReturn,ExplainedVariance,MaxReturn,Entropy,LossBefore,NumTrajs,LossAfter,Time,MaxKL
24.408161640167236,15.613,0.956152,0.0,24.563160181045532,235.10635891,0.00419883,85.0,0.0840910724647,1000.0,2.7481,-0.00249386,20,-0.00536527,24.56315517425537,0.0317877
24.379710912704468,15.5741,0.954999,0.0,24.50874972343445,130.766968306,0.0144882,30.0,0.0634365955384,600.0,2.74561,0.024073,20,0.019508,49.07799243927002,0.126923
24.06105065345764,15.7627,0.960725,0.0,24.147314071655273,937.163272861,0.00780591,215.0,0.28832827409,4300.0,2.75765,-0.00231697,20,-0.00603346,73.23187255859375,0.067749
23.097892999649048,15.7445,0.960174,0.0,23.311439514160156,3914.64877096,0.0178324,1205.0,0.571374268021,16800.0,2.75649,-0.00407978,20,-0.013102,96.5499336719513,0.247898
24.048648357391357,15.7124,0.959183,0.0,24.240280866622925,4710.61301743,0.0458975,1975.0,0.280050780068,15300.0,2.75445,0.00217016,20,-0.00291431,120.79546976089478,0.25738
24.78425645828247,15.7294,0.959679,0.0,24.87236785888672,7214.53220937,0.00303671,3145.0,0.554708590984,22000.0,2.75553,-0.00405721,20,-0.00568057,145.68219137191772,0.0157898
27.734749794006348,15.6975,0.958699,0.0,27.99191641807556,8608.15892047,0.00742606,4260.0,0.37180234337,29100.0,2.7535,0.00757314,20,0.00521359,173.6940619945526,0.062202
