AveragePolicyStd,TotalExecTime,NumTrajs,LossBefore,LossAfter,ExplainedVariance,MinReturn,MeanKL,MaxKL,Entropy,Time,AverageReturn,ItrTime,StdReturn,MaxReturn,Perplexity
0.95845,20.05828881263733,100,-0.0138459,0.146496,0.103801422895,0.0,0.166252,39.4147,2.75282,20.232540607452393,253.0,20.232542514801025,549.446084707,2500.0,15.6868
0.951813,19.959681034088135,100,-0.00806309,0.00394695,0.0823851400239,0.0,0.00904468,4.2047,2.73897,40.36011004447937,300.0,20.12374186515808,689.202437605,2700.0,15.4711
0.949897,21.679192304611206,100,-0.00977929,0.00472917,0.0823770812658,0.0,0.0691676,15.9469,2.73494,62.22915053367615,455.0,21.849838256835938,979.732106241,5700.0,15.4089
0.947577,19.778371810913086,100,0.00442716,0.051808,0.110718942349,0.0,0.080274,26.5196,2.73005,82.16068530082703,482.0,19.92127275466919,871.823376608,3700.0,15.3337
0.948592,19.411706924438477,100,-0.00148672,-0.00261541,0.19085494565,0.0,0.00804899,0.89542,2.73227,101.80324244499207,590.0,19.637423276901245,1131.41504321,4600.0,15.3677
0.948268,20.375255823135376,100,-0.000503857,-0.00273095,0.225152154105,0.0,0.00957545,2.44675,2.73152,122.36314129829407,496.0,20.556557655334473,983.658477318,3800.0,15.3562
0.948107,20.690993785858154,100,0.0143005,0.0136618,0.250644381242,0.0,0.00574436,0.607412,2.73127,143.12202143669128,695.0,20.74930691719055,1104.20786087,4800.0,15.3524
