AveragePolicyStd,NumTrajs,LossBefore,TotalExecTime,ExplainedVariance,MaxKL,Entropy,ItrTime,MinReturn,StdReturn,AverageReturn,MeanKL,LossAfter,MaxReturn,Time,Perplexity
0.956152,20,0.0101302,24.227686405181885,0.364379507795,1.37183,2.7481,24.426060438156128,0.0,1700.37495865,1235.0,0.296342,-0.0449774,5300.0,24.42605447769165,15.613
0.961086,20,0.00428453,22.92037868499756,0.733022861579,0.0591991,2.75823,23.017433166503906,0.0,11752.5061157,8640.0,0.00821412,0.00122008,34000.0,47.4482901096344,15.772
0.962111,20,-0.00187847,22.926950454711914,0.657477076364,0.0449545,2.76038,23.120838165283203,0.0,12995.6636999,8935.0,0.00701506,-0.0055623,35200.0,70.57774186134338,15.8058
0.961623,20,0.00287552,23.433940887451172,0.797341998889,0.0728748,2.75944,23.505671977996826,0.0,11365.8028753,6345.0,0.00751611,-0.00193601,33600.0,94.08840441703796,15.791
0.962296,20,-0.00922449,23.616498470306396,0.673211303886,0.659685,2.76087,23.780699253082275,0.0,9798.38124386,10315.0,0.129252,-0.031575,30000.0,117.8843286037445,15.8137
0.960112,20,0.00214008,24.5827739238739,0.734062528427,0.0311878,2.75626,24.699405193328857,0.0,13999.8669637,11385.0,0.00722822,-0.00128866,36900.0,142.588294506073,15.7409
0.960618,20,-0.0139616,24.09405207633972,0.618157960302,0.0952435,2.75733,24.190276861190796,0.0,15158.2807402,12945.0,0.0138157,-0.0197614,38700.0,166.80373764038086,15.7577
