LossAfter,NumTrajs,MinReturn,MeanKL,TotalExecTime,Entropy,MaxKL,ExplainedVariance,AverageReturn,Perplexity,MaxReturn,AveragePolicyStd,ItrTime,StdReturn,LossBefore,Time
-0.0116055,20,0.0,0.0517165,24.96245050430298,2.7481,0.656469,0.747915152285,3170.0,15.613,23000.0,0.956152,25.138288736343384,7615.05745218,-0.00225651,25.138279676437378
0.007525,20,0.0,0.00568406,24.868926286697388,2.74585,0.050551,0.760333600767,1440.0,15.5778,28800.0,0.95503,25.11902356147766,6276.8144787,0.0110336,50.26722598075867
-0.00144824,20,0.0,0.000920207,25.047250986099243,2.75136,0.00355458,0.629279684606,2820.0,15.664,36100.0,0.957675,25.325117588043213,8821.14505039,-8.64416e-05,75.59700536727905
-0.00870921,20,0.0,0.0368111,25.69107675552368,2.75132,0.366969,0.660410788412,4185.0,15.6633,43000.0,0.957687,25.7462956905365,11907.4881902,0.00223167,101.3675525188446
-0.0101548,20,0.0,0.00166178,25.236801862716675,2.75244,0.00616667,0.770716244999,5455.0,15.6808,41900.0,0.958196,25.377227306365967,13087.4166664,-0.00894026,126.75340175628662
-0.00895356,20,0.0,0.00172776,26.4335355758667,2.74797,0.0069416,0.820371037122,7715.0,15.6109,42400.0,0.956056,26.558912992477417,15523.2494987,-0.00776696,153.31567430496216
-0.0183766,20,0.0,0.00212068,25.300008058547974,2.74408,0.0205303,0.844920765206,10050.0,15.5504,42700.0,0.954197,25.668983936309814,15712.3995621,-0.01516,178.99341320991516
