MaxKL,MinReturn,NumTrajs,ItrTime,Perplexity,LossBefore,MaxReturn,Entropy,MeanKL,LossAfter,AveragePolicyStd,TotalExecTime,ExplainedVariance,AverageReturn,Time,StdReturn
28.3048,0.0,100,24.543490648269653,14.2624,-0.0106028,3000.0,2.65763,0.335518,-0.0806499,0.914382,24.39512848854065,0.195295314605,60.0,24.54348587989807,372.29020938
8.02203,0.0,100,24.721259117126465,14.112,-0.00481048,3600.0,2.64703,0.0911969,-0.00714241,0.909456,24.581815004348755,0.312465967194,36.0,49.269654989242554,358.195477358
23.0874,0.0,100,26.28533124923706,14.0781,0.00318903,1900.0,2.64462,0.340925,-0.0318957,0.908386,26.1615629196167,0.239706139036,39.0,75.56007647514343,219.952267549
0.0,0.0,100,26.833587169647217,14.1006,-0.0,0.0,2.64622,0.0,-0.0,0.909039,26.618768215179443,1,0.0,102.39711451530457,0.0
21.0747,0.0,100,29.244667291641235,14.1006,-0.00552391,7100.0,2.64622,0.397313,-0.0045809,0.909039,29.17698645591736,0.268724513261,111.0,131.6489326953888,754.439527066
2.23236,0.0,100,24.432633876800537,14.0617,-0.0120323,4600.0,2.64345,0.0396619,-0.0168666,0.907786,24.33095908164978,0.186107539099,86.0,156.0887007713318,548.091233281
1.48275,0.0,100,22.797534942626953,13.9773,0.0117206,3800.0,2.63744,0.034646,0.0070797,0.904989,22.70314884185791,0.119571816324,94.0,178.89373469352722,543.657980719
