Time,AverageReturn,ItrTime,ExplainedVariance,MaxKL,AveragePolicyStd,MeanKL,TotalExecTime,LossAfter,Perplexity,MinReturn,NumTrajs,MaxReturn,Entropy,StdReturn,LossBefore
120.80197739601135,424.6,120.8019790649414,0.527527341,10.6578,1.0,0.0511412,120.42397832870483,-0.029964,17.0795,0.0,2000,2900.0,2.83788,693.372079046,-0.0150229
241.7600200176239,790.35,120.95551657676697,0.637779156997,13.1697,0.992518,0.0148623,120.53118920326233,-0.0221961,16.8248,0.0,2000,2900.0,2.82285,895.456239858,-0.0149916
368.702116727829,862.7,126.9393219947815,0.65249345084,11.1342,0.988805,0.0133759,126.58462953567505,-0.0172498,16.6991,0.0,2000,2900.0,2.81536,913.673196499,-0.0100593
498.41273283958435,1044.15,129.70669269561768,0.682017367203,3.15425,0.986321,0.0189229,129.32169270515442,-0.0163089,16.6154,0.0,2000,2900.0,2.81033,958.256634467,-0.00937147
636.6368117332458,1224.85,138.221360206604,0.706100698115,2.71592,0.984016,0.0148843,137.83533382415771,-0.0204154,16.5377,0.0,2000,2800.0,2.80564,971.410046016,-0.014169
758.001056432724,1385.75,121.36118054389954,0.728170580569,16.6707,0.980538,0.0319722,120.95710492134094,-0.0184407,16.421,0.0,2000,2900.0,2.79856,958.338112307,-0.0170931
899.1179628372192,1575.6,141.1126685142517,0.755260568326,17.056,0.976357,0.0309541,140.57505297660828,-0.0263837,16.2812,0.0,2000,3000.0,2.79001,925.16195339,-0.0178629
