AveragePolicyStd,MaxKL,MaxReturn,ExplainedVariance,Time,Entropy,StdReturn,AverageReturn,LossBefore,Perplexity,MeanKL,TotalExecTime,ItrTime,NumTrajs,LossAfter,MinReturn
0.956152,0.454305,18800.0,0.213934302365,22.73632788658142,2.7481,4686.30718157,3755.0,-0.00142171,15.613,0.113413,22.618666648864746,22.73633098602295,20,-0.0157826,0.0
0.95544,0.048049,46600.0,0.834702826242,45.97208547592163,2.74668,17502.696935,18560.0,-0.0107969,15.5908,0.0103678,23.12808132171631,23.232346534729004,20,-0.0149991,0.0
0.952857,0.263212,43000.0,0.787393798586,68.93090009689331,2.74128,17234.9202203,17905.0,-0.00362809,15.5069,0.0556648,22.850602865219116,22.954589128494263,20,-0.0234468,0.0
0.952019,0.101999,41300.0,0.715642995589,91.86079430580139,2.73947,16259.8308724,15470.0,-0.0118534,15.4788,0.0219792,22.736210584640503,22.916940689086914,20,-0.0244519,0.0
0.949203,0.108762,48800.0,0.857225210991,115.48964548110962,2.73354,19644.3146992,26130.0,-0.0189611,15.3873,0.0293532,23.5728280544281,23.620012998580933,20,-0.0266498,0.0
0.944736,0.105436,45100.0,0.791027595575,139.06616115570068,2.72406,18965.2049818,18800.0,0.00277731,15.2421,0.0258254,23.329540491104126,23.56623601913452,20,-0.00426053,0.0
0.945386,0.169834,49000.0,0.870392056022,162.17511439323425,2.72545,15540.6072919,35905.0,-0.00907662,15.2633,0.0143614,23.022916078567505,23.103017807006836,20,-0.0149476,0.0
