Time,LossAfter,Entropy,MeanKL,MaxReturn,ExplainedVariance,LossBefore,ItrTime,TotalExecTime,MinReturn,AverageReturn,NumTrajs,Perplexity,MaxKL,StdReturn,AveragePolicyStd
23.583502769470215,-0.0359821,2.7481,0.204351,33700.0,0.616811178123,-0.00414013,23.5835120677948,23.344604015350342,0.0,12140.0,20,15.613,0.688237,11986.3839418,0.956152
46.5011043548584,-0.0350084,2.74396,0.0742131,49900.0,0.638476761743,-0.00748732,22.90019679069519,22.786645889282227,0.0,25690.0,20,15.5485,0.265201,15865.9982352,0.95416
70.0796012878418,-0.0369496,2.74022,0.0699762,49200.0,0.697820666351,-0.0212794,23.562352418899536,23.499067544937134,0.0,37005.0,20,15.4904,0.255057,11384.5278778,0.952371
93.07515048980713,-0.0234957,2.72958,0.0725727,49900.0,0.871013743218,-0.00895406,22.976776123046875,22.896011114120483,0.0,28400.0,20,15.3265,0.346978,19938.6559226,0.94735
116.89678716659546,-0.0179624,2.7251,0.158642,47800.0,0.835251239154,-0.00459004,23.817362070083618,23.700682401657104,0.0,38880.0,20,15.258,1.04891,10781.0296354,0.94522
140.7045123577118,-0.00717472,2.72281,0.0408426,50500.0,0.889212599388,0.000853711,23.797393083572388,23.6462881565094,0.0,29880.0,20,15.223,0.286366,20476.7575558,0.944125
164.3409662246704,-0.0183871,2.72324,0.036406,50000.0,0.902000102109,-0.0120747,23.633040189743042,23.559977769851685,0.0,41315.0,20,15.2295,0.362458,13998.8312012,0.94432
