LossAfter,Time,Perplexity,AveragePolicyStd,MaxReturn,MinReturn,LossBefore,Entropy,MaxKL,ItrTime,TotalExecTime,NumTrajs,MeanKL,ExplainedVariance,StdReturn,AverageReturn
-0.00541797,21.221116304397583,15.6868,0.95845,3400.0,0.0,-0.0110128,2.75282,13.7117,21.221121549606323,21.047210454940796,100,0.0668018,0.118104020891,727.39191637,349.0
0.0290509,41.8196485042572,15.515,0.953281,2600.0,0.0,0.0154664,2.74181,6.94811,20.595909595489502,20.522611379623413,100,0.0477862,0.0686625719796,663.216405105,312.0
0.0112948,61.1350793838501,15.6354,0.957015,4000.0,0.0,0.0121126,2.74954,0.464199,19.310154676437378,19.21137237548828,100,0.00118462,0.2812104229,978.398691741,444.0
-0.00452454,82.31222891807556,15.7304,0.959926,3100.0,0.0,-0.00481792,2.7556,0.394011,21.172227382659912,21.069918632507324,100,0.0024535,0.0529198898672,728.796267828,284.0
0.00263908,103.84919476509094,15.6926,0.958883,4200.0,0.0,-0.00618576,2.75319,12.9364,21.529568433761597,21.481209754943848,100,0.0811329,0.0872105332475,968.129640079,515.0
0.00407381,125.02873849868774,15.6441,0.957376,3400.0,0.0,0.00289877,2.75009,3.03017,21.17318320274353,20.94887137413025,100,0.024921,0.202604157639,832.043268106,448.0
0.00241145,144.8351926803589,15.6668,0.958049,3000.0,0.0,-0.00993012,2.75154,5.78413,19.792778730392456,19.72839903831482,100,0.0172799,0.0828528966866,722.465224077,362.0
