AverageReturn,ExplainedVariance,LossBefore,MinReturn,Entropy,TotalExecTime,StdReturn,ItrTime,Perplexity,AveragePolicyStd,MaxKL,LossAfter,NumTrajs,MeanKL,Time,MaxReturn
6040.0,0.349318263222,0.011122,0.0,2.7481,23.293321132659912,7141.24638981,23.46339464187622,15.613,0.956152,1.63874,-0.00831634,20,0.282042,23.463387727737427,23200.0
23240.0,0.622190253691,0.00470617,0.0,2.75923,23.17736792564392,15823.8870067,23.257112979888916,15.7876,0.961508,0.0936816,-0.00230845,20,0.0120575,46.724387407302856,41100.0
19940.0,0.76032043181,-0.0130803,0.0,2.76158,22.293127059936523,19892.7222873,22.36077570915222,15.8248,0.962663,0.0435303,-0.0169904,20,0.00634626,69.09331107139587,46300.0
21755.0,0.828721251134,-0.019316,0.0,2.75504,23.477428674697876,19022.1574749,23.61404299736023,15.7217,0.959499,0.282574,-0.0267804,20,0.0349165,92.72045612335205,46700.0
20705.0,0.768038567159,-0.00742704,0.0,2.74538,23.47822070121765,19947.9691949,23.58065128326416,15.5705,0.954907,0.119099,-0.0149518,20,0.0198176,116.31811332702637,49100.0
18275.0,0.719570329,-0.000105303,0.0,2.74167,23.4867262840271,18115.5147595,23.572054147720337,15.5128,0.95313,0.0547671,-0.00523027,20,0.00839621,139.89668774604797,49200.0
32540.0,0.848299749046,-0.00264234,0.0,2.74161,22.930469036102295,17024.1710518,22.983294010162354,15.512,0.953034,0.0155671,-0.00598887,20,0.00217937,162.88860630989075,48700.0
