LossAfter,LossBefore,MaxKL,Perplexity,MinReturn,MeanKL,TotalExecTime,AveragePolicyStd,ItrTime,NumTrajs,AverageReturn,ExplainedVariance,Entropy,MaxReturn,Time,StdReturn
-0.00826492,-0.00384234,0.159178,15.613,0.0,0.0131842,30.751039266586304,0.956152,31.159504413604736,20,255.0,0.112154235385,2.7481,1300.0,31.15949559211731,390.480473263
0.00914506,0.0124467,0.0264526,15.5531,0.0,0.00383547,33.70335555076599,0.954339,34.076502323150635,20,915.0,0.23603965285,2.74426,6400.0,65.25898694992065,1533.71281536
-0.0224869,0.0077118,0.387039,15.6502,0.0,0.0759025,30.29034423828125,0.957353,30.696393251419067,20,2755.0,0.321144832423,2.75048,11500.0,95.97408604621887,3986.66213768
0.000489385,0.00604578,0.034479,15.7107,0.0,0.00823598,30.79472303390503,0.959139,31.113572120666504,20,6040.0,0.522828152251,2.75434,28900.0,127.11158585548401,8361.42332381
-0.0120892,-0.00910095,0.0140859,15.7582,0.0,0.00327367,32.552913665771484,0.960614,32.82618808746338,20,11855.0,0.626169462562,2.75736,31600.0,159.94097924232483,11585.7876297
-0.0175318,-0.0110444,0.174847,15.6867,0.0,0.0228842,33.01268434524536,0.958404,33.492167472839355,20,11330.0,0.600747003323,2.75281,31900.0,193.45116448402405,11060.1582267
-0.0176216,0.00531464,0.179489,15.6003,0.0,0.067264,32.90293312072754,0.955738,33.202072620391846,20,18480.0,0.560444143297,2.74729,29400.0,226.67245602607727,9059.66886812
