Entropy,ExplainedVariance,LossBefore,LossAfter,StdReturn,NumTrajs,MaxReturn,ItrTime,Time,TotalExecTime,AverageReturn,Perplexity,MinReturn,MaxKL,MeanKL,AveragePolicyStd
2.7481,0.550261414667,0.00157796,-0.0040453,6512.86419327,20,26500.0,23.46091055870056,23.46090793609619,23.3116512298584,2360.0,15.613,0.0,0.198959,0.014786,0.956152
2.74968,0.815673643259,-0.0166728,-0.0312916,12270.5582595,20,31700.0,23.391671180725098,46.855058431625366,23.30513024330139,7280.0,15.6376,0.0,0.373035,0.0348407,0.956872
2.74135,0.778357642677,-0.0272519,-0.0309203,14333.6875925,20,36900.0,22.40208148956299,69.26274967193604,22.35739231109619,11220.0,15.5078,0.0,0.0223872,0.00430233,0.952885
2.72772,0.766377904489,-0.0062948,-0.0261375,11130.2695385,20,30400.0,23.88993811607361,93.1574478149414,23.636792182922363,9590.0,15.2979,0.0,0.890518,0.152291,0.946411
2.72457,0.551311352117,-0.00980023,-0.018688,5532.49265702,20,22000.0,23.837020874023438,117.00469183921814,23.608792066574097,2295.0,15.2499,0.0,0.105339,0.0157403,0.944923
2.71967,0.824401380896,0.00177912,-0.00206266,13441.4805732,20,37400.0,23.50505566596985,140.5150122642517,23.383543014526367,7440.0,15.1753,0.0,0.0525664,0.00681694,0.942612
2.72056,0.732062166982,0.00503341,-0.00978852,4772.99434318,20,21900.0,22.39055871963501,162.9119746685028,22.349517583847046,1095.0,15.1889,0.0,0.401808,0.0278595,0.943044
