Perplexity,AverageReturn,ExplainedVariance,TotalExecTime,ItrTime,MaxKL,AveragePolicyStd,LossAfter,MeanKL,LossBefore,Entropy,Time,StdReturn,MinReturn,NumTrajs,MaxReturn
15.7242,105.0,0.381693256422,1.1322612762451172,1.197510004043579,1.79574,0.959782,-0.139003,0.691747,-0.0242814,2.7552,1.1975047588348389,288.920404264,0.0,20,1200.0
15.347,0.0,1,0.970008373260498,1.0142717361450195,0.0,0.948207,-0.0,0.0,-0.0,2.73092,2.2176411151885986,0.0,0.0,20,0.0
15.347,130.0,0.422260025128,0.9744806289672852,1.006361484527588,0.155543,0.948207,0.00290303,0.0650281,0.0398136,2.73092,3.230048894882202,357.910603363,0.0,20,1500.0
15.6556,1090.0,0.635193067189,1.1061465740203857,1.1359672546386719,0.445966,0.957772,-0.132372,0.192732,-0.0491362,2.75083,4.375710487365723,782.879301042,0.0,20,2100.0
15.2757,1885.0,0.760822823814,0.9291648864746094,0.9673721790313721,0.134708,0.945915,-0.0290033,0.0443329,-0.00987054,2.72626,5.3500659465789795,402.833712591,1300.0,20,2500.0
15.2005,2225.0,0.935057505749,2.3857083320617676,2.418030023574829,0.219531,0.94349,-0.018513,0.0930855,0.0203379,2.72133,7.773281097412109,282.621655221,1600.0,20,2700.0
15.3558,2460.0,0.988939293527,0.9412374496459961,0.9690744876861572,0.67408,0.948227,-0.123439,0.221336,-0.0636513,2.73149,8.750205993652344,208.32666656,2000.0,20,2900.0
