AverageReturn,MeanKL,Entropy,MaxReturn,StdReturn,ItrTime,MaxKL,Time,TotalExecTime,LossBefore,MinReturn,AveragePolicyStd,NumTrajs,LossAfter,ExplainedVariance,Perplexity
290.0,0.0510915,2.7481,2300.0,635.531273817,34.61984419822693,0.491828,34.61983776092529,34.11129713058472,0.00380085,0.0,0.956152,20,-0.00897853,0.244024664224,15.613
6185.0,0.0337586,2.7519,27500.0,9660.70778981,33.453763008117676,0.198786,68.08944034576416,33.276503562927246,0.00189172,0.0,0.95803,20,-0.0124135,0.658380773401,15.6724
7325.0,0.0039485,2.75285,27800.0,10068.3600949,34.600077390670776,0.031661,102.7070426940918,34.1460177898407,0.00104645,0.0,0.958465,20,-0.0024787,0.452756589258,15.6873
10370.0,0.00486665,2.75337,30400.0,10844.8651444,31.843751907348633,0.0526365,134.55546164512634,31.479492664337158,0.0158381,0.0,0.958673,20,0.00994754,0.479555377129,15.6955
7595.0,0.00671916,2.76129,37100.0,12709.3066294,35.26397156715393,0.0507679,169.83248829841614,34.81226658821106,0.000570625,0.0,0.962496,20,-0.00255732,0.720678411233,15.8203
9655.0,0.00498621,2.76158,40800.0,14200.2984124,34.58945631980896,0.0532095,204.4503674507141,34.206228256225586,-0.015315,0.0,0.962637,20,-0.018416,0.777643852739,15.8248
6815.0,0.00403056,2.75392,39400.0,11442.9137461,34.115041971206665,0.0450183,238.5975079536438,33.769083738327026,-0.00568042,0.0,0.958941,20,-0.0082235,0.395603916801,15.7041
