ExplainedVariance,Entropy,MaxReturn,TotalExecTime,Perplexity,NumTrajs,MeanKL,Time,MinReturn,LossBefore,AveragePolicyStd,AverageReturn,ItrTime,MaxKL,LossAfter,StdReturn
0.128925995088,2.75282,4800.0,23.91275191307068,15.6868,100,0.299507,24.14027166366577,0.0,-0.00567574,0.95845,599.0,24.140277862548828,50.8772,-0.242782,1014.93792914
0.237344761684,2.74714,4900.0,22.589881658554077,15.598,100,0.0581429,46.93832874298096,0.0,0.000773874,0.955671,895.0,22.79145073890686,4.82124,-0.00945078,1381.90991023
0.141078856858,2.74753,4900.0,22.16195845603943,15.6041,100,0.00229373,69.25373697280884,0.0,0.00879539,0.955839,879.0,22.309200286865234,0.330162,0.00857591,1318.27880207
0.10593267192,2.75193,5200.0,22.147896766662598,15.6728,100,0.488141,91.57662081718445,0.0,-0.000778399,0.957937,757.0,22.318835973739624,29.1567,-0.0198157,1257.47803162
0.217083096486,2.75154,5600.0,20.75177550315857,15.6667,100,0.00987427,112.4293704032898,0.0,0.0016156,0.957751,746.0,20.845577478408813,2.04635,0.00205803,1312.73912107
0.165496569087,2.75235,4800.0,20.678250551223755,15.6794,100,0.597316,133.16257214546204,0.0,0.00885669,0.958139,648.0,20.72119951248169,35.0069,0.0632435,1274.00784927
0.231904869121,2.75678,5400.0,20.307073831558228,15.749,100,0.0245374,153.52462887763977,0.0,-0.00424448,0.960264,835.0,20.35380506515503,7.33857,-0.00672776,1469.85543507
