Time,LossBefore,ExplainedVariance,AverageReturn,Perplexity,MeanKL,MinReturn,MaxReturn,AveragePolicyStd,TotalExecTime,Entropy,MaxKL,LossAfter,NumTrajs,StdReturn,ItrTime
32.95480799674988,-0.00225851,0.402160525938,3430.0,15.613,0.278364,0.0,14400.0,0.956152,32.63348913192749,2.7481,0.919736,-0.0205379,20,4094.52072897,32.954814195632935
65.65820407867432,-0.00107788,0.794223962994,28710.0,15.5778,0.0646836,0.0,47700.0,0.955047,32.41090226173401,2.74585,0.172315,-0.0225611,20,17655.0247805,32.68821883201599
101.43181777000427,-0.0133922,0.847833115369,26475.0,15.5694,0.0545655,0.0,49200.0,0.954784,35.35877728462219,2.74531,0.206429,-0.0285217,20,17566.5555816,35.75699830055237
134.13118720054626,-0.0170962,0.897682123751,33735.0,15.4655,0.0276934,0.0,50600.0,0.951591,32.33213496208191,2.73861,0.180019,-0.0238286,20,19835.1272998,32.67328643798828
168.0325891971588,-0.0155982,0.901362260691,37085.0,15.3338,0.0171804,0.0,49000.0,0.947557,33.54799175262451,2.73006,0.122909,-0.0195215,20,17809.4995719,33.87347650527954
200.78255653381348,-0.00511188,0.88579489062,32045.0,15.2147,0.0414723,0.0,51500.0,0.94387,32.64207053184509,2.72226,0.180774,-0.0161125,20,20142.0077202,32.718013763427734
231.98720908164978,-0.00986522,0.785441550708,41830.0,15.1759,0.349209,31800.0,51100.0,0.942648,30.897228717803955,2.71971,0.731044,-0.0694277,20,4929.6145894,31.17130756378174
