LossAfter,Entropy,MaxReturn,MeanKL,ExplainedVariance,MinReturn,AveragePolicyStd,ItrTime,AverageReturn,StdReturn,TotalExecTime,Time,LossBefore,NumTrajs,Perplexity,MaxKL
-0.0133222,2.7481,100.0,0.0508625,0.123577547558,0.0,0.956152,23.600323915481567,5.0,21.7944947177,23.474934577941895,23.600316286087036,0.00182163,20,15.613,0.661738
0.00821029,2.74993,2300.0,0.0113614,0.19868561139,0.0,0.957027,23.308418035507202,315.0,580.753820478,23.004364252090454,46.91279864311218,0.0122705,20,15.6415,0.11826
-0.00625202,2.75606,5800.0,0.00566444,0.385266192526,0.0,0.959938,22.479406118392944,575.0,1311.44004819,22.413593292236328,69.39578866958618,-0.00369718,20,15.7377,0.0351475
-0.0214657,2.75421,23400.0,0.238254,0.647352992993,0.0,0.959047,22.330605030059814,7460.0,8511.95629688,22.263626098632812,91.73949384689331,0.0123825,20,15.7087,1.4427
-0.0081373,2.7604,32900.0,0.0260075,0.452179436993,0.0,0.962018,21.07521963119507,2610.0,8119.90763494,21.017313957214355,112.82130169868469,-0.00200609,20,15.8062,0.175784
-0.00836754,2.7594,44400.0,0.0143515,0.625606595068,0.0,0.96153,23.204869508743286,7035.0,13128.6052191,23.12763500213623,136.03704452514648,-0.00379565,20,15.7904,0.0804111
-0.0192977,2.7575,23100.0,0.0446695,0.639133160369,0.0,0.960619,23.903136730194092,1860.0,5396.42474236,23.791367053985596,159.95013761520386,-0.000869285,20,15.7604,0.776172
