MaxReturn,MinReturn,ItrTime,LossBefore,Time,MaxKL,ExplainedVariance,StdReturn,Entropy,NumTrajs,Perplexity,MeanKL,LossAfter,AverageReturn,AveragePolicyStd,TotalExecTime
1000.0,0.0,25.624690294265747,-0.00286727,25.624685525894165,8.55562,0.139913207356,99.4987437107,2.65763,100,14.2624,0.122043,-0.0108092,10.0,0.914382,25.513787269592285
4900.0,0.0,21.718132257461548,-0.00322857,47.34873628616333,14.4006,0.309181096446,692.09825892,2.65476,100,14.2216,0.212008,-0.0456618,120.0,0.913116,21.461960554122925
5000.0,0.0,23.80328941345215,0.0136406,71.16077542304993,16.2713,0.543366608877,693.437812641,2.65315,100,14.1987,0.10608,-0.0614374,112.0,0.912368,23.66010856628418
400.0,0.0,24.70351529121399,0.00810881,95.86873769760132,1.28705,0.116177564749,39.7994974843,2.65997,100,14.2958,0.0100424,0.00552741,4.0,0.915584,24.607786178588867
0.0,0.0,25.231481313705444,-0.0,121.11055588722229,0.0,1,0.0,2.66402,100,14.3539,0.0,-0.0,0.0,0.917453,24.97198462486267
0.0,0.0,20.5355064868927,-0.0,141.66519474983215,0.0,1,0.0,2.66402,100,14.3539,0.0,-0.0,0.0,0.917453,20.31232976913452
600.0,0.0,28.828608512878418,-0.0133251,170.49870896339417,5.03649,0.154594809838,60.4235053601,2.66402,100,14.3539,0.0413281,-0.0204442,7.0,0.917453,28.663515329360962
