MeanKL,Entropy,TotalExecTime,AveragePolicyStd,ItrTime,Time,StdReturn,MaxReturn,NumTrajs,MaxKL,AverageReturn,LossAfter,MinReturn,ExplainedVariance,LossBefore,Perplexity
0.0,2.75282,22.82300853729248,0.95845,23.042449712753296,23.042443990707397,0.0,0.0,100,0.0,0.0,-0.0,0.0,1,-0.0,15.6868
0.0,2.75282,26.35894465446472,0.95845,26.578767776489258,49.6263473033905,0.0,0.0,100,0.0,0.0,-0.0,0.0,1,-0.0,15.6868
0.0,2.75282,26.952817678451538,0.95845,27.092477560043335,76.72171235084534,0.0,0.0,100,0.0,0.0,-0.0,0.0,1,-0.0,15.6868
0.0,2.75282,22.43305540084839,0.95845,22.70135235786438,99.43949866294861,0.0,0.0,100,0.0,0.0,-0.0,0.0,1,-0.0,15.6868
0.0,2.75282,23.87220597267151,0.95845,23.97853994369507,123.435142993927,0.0,0.0,100,0.0,0.0,-0.0,0.0,1,-0.0,15.6868
0.0,2.75282,22.493801832199097,0.95845,22.681310892105103,146.1232898235321,0.0,0.0,100,0.0,0.0,-0.0,0.0,1,-0.0,15.6868
0.0,2.75282,25.097918033599854,0.95845,25.216911554336548,171.34777808189392,0.0,0.0,100,0.0,0.0,-0.0,0.0,1,-0.0,15.6868
