AverageReturn,NumTrajs,AveragePolicyStd,MeanKL,Entropy,LossAfter,StdReturn,MaxReturn,Perplexity,LossBefore,Time,MinReturn,ItrTime,MaxKL,TotalExecTime,ExplainedVariance
114.0,100,0.914382,0.134326,2.65763,-0.0222447,542.774354589,4000.0,14.2624,-0.007653,24.6079044342041,0.0,24.607910633087158,10.8516,24.36456274986267,0.195975670338
55.0,100,0.911131,0.0150397,2.64998,-0.00423619,231.678656764,1300.0,14.1537,-0.000570202,52.3550660610199,0.0,27.74397850036621,1.94986,27.489641189575195,0.061360176062
0.0,100,0.910956,0.0,2.64969,-0.0,0.0,0.0,14.1497,-0.0,74.74065780639648,0.0,22.3780837059021,0.0,22.298114776611328,1
32.0,100,0.910956,0.0212747,2.64969,-0.016597,219.034243898,2000.0,14.1497,-0.0110066,99.3232684135437,0.0,24.574087142944336,1.8209,24.335898637771606,0.0920237095903
83.0,100,0.908451,0.139581,2.64419,-0.0118473,410.622697863,2500.0,14.072,-0.00536565,127.17399096488953,0.0,27.83035659790039,13.4558,27.699838399887085,0.160613552192
25.0,100,0.907234,0.0102574,2.64151,-0.0143775,248.746859277,2500.0,14.0343,-0.012764,152.05276918411255,0.0,24.873331546783447,0.495917,24.67786455154419,0.0824921468041
9.0,100,0.904398,0.00637245,2.63512,0.00298056,89.5488693396,900.0,13.945,0.00543408,180.48531246185303,0.0,28.42949652671814,0.748982,28.366063117980957,0.0898317438989
