NumTrajs,LossBefore,MaxReturn,LossAfter,Time,MinReturn,Entropy,MeanKL,ItrTime,MaxKL,StdReturn,AveragePolicyStd,AverageReturn,Perplexity,ExplainedVariance,TotalExecTime
20,-0.000734026,22800.0,-0.0337545,29.21426749229431,0.0,2.7481,0.15715,29.21427297592163,0.801997,6518.6252385,0.956152,3695.0,15.613,0.513589905116,28.908462047576904
20,-0.0161069,49900.0,-0.0325836,61.00517749786377,0.0,2.74737,0.0360817,31.77844738960266,0.140776,17030.9798602,0.955927,28465.0,15.6015,0.764294005658,31.35386061668396
20,0.00232233,48300.0,-0.0272211,88.42065525054932,0.0,2.73932,0.113158,27.40410089492798,0.30387,14519.5006801,0.952131,31010.0,15.4764,0.833024300859,27.12306523323059
20,-0.00890365,47600.0,-0.0194571,123.56039905548096,0.0,2.74048,0.0477294,35.131683588027954,0.126773,14583.8060876,0.952692,36260.0,15.4944,0.813519624075,34.904454946517944
20,-0.0239639,50200.0,-0.052261,154.9306287765503,0.0,2.73603,0.112508,31.326047897338867,0.455792,17194.6328835,0.950524,32760.0,15.4256,0.861521985392,31.199259042739868
20,-0.0115509,46000.0,-0.04543,187.646879196167,900.0,2.72404,0.100063,32.70400333404541,0.526945,13874.2017788,0.944876,30245.0,15.2418,0.702324897312,32.471827030181885
20,-0.00086695,50400.0,-0.00856247,220.26520943641663,0.0,2.71827,0.0223046,32.612797498703,0.244145,16482.7326315,0.942122,38555.0,15.1541,0.898973104242,32.483880043029785
