MaxKL,Perplexity,StdReturn,AverageReturn,MinReturn,LossAfter,NumTrajs,MeanKL,AveragePolicyStd,TotalExecTime,Time,LossBefore,Entropy,ItrTime,ExplainedVariance,MaxReturn
2.65844,14.2624,218.897236163,22.0,0.0,-0.000193659,100,0.037361,0.914382,24.879324913024902,25.035396575927734,0.00398133,2.65763,25.035398483276367,0.0993943014528,2200.0
0.322073,14.3193,97.6268405716,13.0,0.0,-0.00441159,100,0.00412344,0.91646,26.523435592651367,51.69444036483765,-0.000534181,2.66161,26.656614065170288,0.133659549677,900.0
0.0,14.3155,0.0,0.0,0.0,-0.0,100,0.0,0.916314,21.83118200302124,73.65101432800293,-0.0,2.66134,21.946890354156494,1,0.0
0.408819,14.3155,109.448618082,11.0,0.0,0.00379359,100,0.00439868,0.916314,21.18702459335327,94.94972467422485,0.00477972,2.66134,21.29497528076172,0.110090899478,1100.0
1.12588,14.3498,267.327514484,44.0,0.0,-0.00692194,100,0.0240376,0.91744,21.175344705581665,116.1992437839508,-0.0030721,2.66373,21.2470121383667,0.0893775765918,1900.0
0.967684,14.3277,243.384469513,42.0,0.0,-0.0096006,100,0.012476,0.91668,23.136508464813232,139.5188000202179,-0.00562847,2.6622,23.290069818496704,0.30194157519,1700.0
2.05955,14.2875,49.7493718553,5.0,0.0,-0.00846558,100,0.0209897,0.91526,23.94807457923889,163.58978509902954,-0.0043385,2.65938,24.066620349884033,0.317287392052,500.0
