MinReturn,AveragePolicyStd,ExplainedVariance,Perplexity,Time,AverageReturn,LossBefore,ItrTime,StdReturn,MaxKL,MeanKL,TotalExecTime,LossAfter,NumTrajs,Entropy,MaxReturn
0.0,0.956152,0.49332120881,15.613,33.77591371536255,4410.0,-0.00155398,33.775919914245605,5544.71820745,0.379471,0.0901059,33.31605505943298,-0.0212674,20,2.7481,19400.0
0.0,0.955364,0.876762655313,15.5888,68.85099291801453,27185.0,-0.00796981,35.0697865486145,20083.3830566,0.0114266,0.0024387,34.831236839294434,-0.0104119,20,2.74655,46800.0
0.0,0.953472,0.853572926397,15.5268,102.11008739471436,31230.0,-0.00663614,33.2490177154541,18582.4675434,0.171808,0.039043,33.01586842536926,-0.0230054,20,2.74257,49000.0
0.0,0.95191,0.823916013433,15.4753,135.42385292053223,30075.0,-0.0159906,33.270291328430176,15796.6096046,0.204378,0.0339101,32.786627769470215,-0.0273454,20,2.73925,44700.0
0.0,0.948113,0.877959524125,15.3521,170.33247137069702,24315.0,0.0058674,34.85906934738159,21987.6391411,0.0971061,0.0132806,34.48806595802307,0.00144607,20,2.73125,48400.0
0.0,0.949492,0.858583860246,15.3972,204.03551316261292,32595.0,-0.0211135,33.68844389915466,19850.3772004,0.0863013,0.013607,33.28620409965515,-0.0271803,20,2.73418,49000.0
0.0,0.944481,0.869978302039,15.2355,238.9256341457367,36265.0,-0.0105641,34.85822772979736,16504.4622754,0.157265,0.0378735,34.59603190422058,-0.0247249,20,2.72363,48100.0
