ItrTime,MaxReturn,LossAfter,MinReturn,Perplexity,TotalExecTime,MaxKL,LossBefore,ExplainedVariance,StdReturn,NumTrajs,Time,MeanKL,Entropy,AverageReturn,AveragePolicyStd
1.3358206748962402,1500.0,-0.158284,0.0,9.10867,1.2870512008666992,1.87559,-0.0111299,0.330662101816,340.0,20,1.335822582244873,1.09524,2.20923,120.0,0.730372
0.9486854076385498,2500.0,-0.429767,1200.0,9.00786,0.8863363265991211,5.91121,-0.102329,0.891958943187,279.46377225,20,2.2881760597229004,3.3283,2.1981,1870.0,0.726312
1.0120697021484375,3000.0,-0.0513959,2600.0,8.55857,0.9852335453033447,0.44758,-0.0307148,0.996131976574,100.498756211,20,3.316791534423828,0.160908,2.14693,2730.0,0.707972
0.8490335941314697,2900.0,-0.077071,2500.0,8.42813,0.8159646987915039,2.17411,-0.0112052,0.996240331601,96.3068014213,20,4.170736789703369,0.700754,2.13157,2685.0,0.702553
1.0157380104064941,2900.0,-0.0371196,2400.0,8.38105,0.9769062995910645,0.730403,0.00141308,0.994674512982,116.081867662,20,5.194226980209351,0.349464,2.12597,2695.0,0.70061
0.8601081371307373,2900.0,-0.0764252,2500.0,8.38696,0.8258821964263916,2.98377,0.00300019,0.995865513404,120.312094155,20,6.062061786651611,0.853044,2.12668,2705.0,0.700788
0.8872501850128174,3000.0,-0.133194,2400.0,8.39956,0.8621764183044434,1.03031,-0.0645226,0.993872660124,142.828568571,20,6.956099033355713,0.351017,2.12818,2640.0,0.701395
