TotalExecTime,AverageReturn,AveragePolicyStd,Perplexity,MeanKL,MinReturn,ExplainedVariance,LossAfter,StdReturn,Time,MaxKL,NumTrajs,MaxReturn,Entropy,LossBefore,ItrTime
151.5341489315033,4.05,1.0,17.0795,0.00212342,0.0,0.0592586714361,0.00246231,64.7965855582,151.96685075759888,0.983325,2000,1500.0,2.83788,0.00357202,151.96685457229614
166.1139874458313,11.65,1.00179,17.1406,0.00179618,0.0,0.12327773816,-0.000927247,108.163198455,318.51174116134644,4.67878,2000,1800.0,2.84145,0.000591254,166.5406289100647
161.9005389213562,24.45,1.00194,17.1457,0.00271622,0.0,0.187413396112,-0.00145904,162.318198302,480.8205828666687,2.43126,2000,1900.0,2.84174,0.000718904,162.30515956878662
169.52172994613647,26.9,1.00212,17.1518,0.00199764,0.0,0.179211838418,-0.00327136,156.385389343,650.7427761554718,0.661217,2000,2100.0,2.8421,-0.00167989,169.91755557060242
171.09640169143677,54.15,1.0017,17.1374,0.0049809,0.0,0.250449910564,-0.0100925,240.047448435,822.2251296043396,3.38289,2000,2000.0,2.84126,-0.00661945,171.47913813591003
162.63911414146423,90.55,1.00004,17.0808,0.0111819,0.0,0.30044033016,-0.00160866,310.991474964,985.317615032196,9.07872,2000,2100.0,2.83795,0.00410455,163.08820128440857
168.81299877166748,139.3,1.00107,17.1159,0.00637248,0.0,0.355786195077,-0.0110714,388.053488581,1154.5300257205963,2.73116,2000,2200.0,2.84001,-0.00689321,169.208167552948
