NumTrajs,TotalExecTime,MinReturn,AveragePolicyStd,LossAfter,AverageReturn,MaxReturn,ExplainedVariance,Perplexity,Time,Entropy,MeanKL,StdReturn,MaxKL,ItrTime,LossBefore
100,20.117658853530884,0.0,0.95845,-0.0,0.0,0.0,1,15.6868,20.407964944839478,2.75282,0.0,0.0,0.0,20.407971143722534,-0.0
100,25.522194147109985,0.0,0.95845,-0.0,0.0,0.0,1,15.6868,46.036139249801636,2.75282,0.0,0.0,0.0,25.615007162094116,-0.0
100,27.371331930160522,0.0,0.95845,-0.0,0.0,0.0,1,15.6868,73.6154625415802,2.75282,0.0,0.0,0.0,27.557283639907837,-0.0
100,23.95992422103882,0.0,0.95845,-0.0,0.0,0.0,1,15.6868,97.71403217315674,2.75282,0.0,0.0,0.0,24.086796045303345,-0.0
100,21.163015842437744,0.0,0.95845,-0.0,0.0,0.0,1,15.6868,119.01379442214966,2.75282,0.0,0.0,0.0,21.2759690284729,-0.0
100,21.642500162124634,0.0,0.95845,-0.0,0.0,0.0,1,15.6868,140.8513536453247,2.75282,0.0,0.0,0.0,21.830897569656372,-0.0
100,21.750486612319946,0.0,0.95845,-0.0,0.0,0.0,1,15.6868,162.79256415367126,2.75282,0.0,0.0,0.0,21.92631196975708,-0.0
