LossAfter,MaxKL,AveragePolicyStd,MaxReturn,TotalExecTime,AverageReturn,LossBefore,Entropy,Perplexity,ItrTime,ExplainedVariance,MeanKL,MinReturn,StdReturn,NumTrajs,Time
-0.0237188,13.7171,0.813754,5600.0,26.12476634979248,456.0,-0.00761941,2.39853,11.007,26.451295137405396,0.118947268135,0.0570424,0.0,1206.26033674,100,26.45128893852234
0.0398914,19.9473,0.810381,5700.0,27.01600408554077,560.0,0.00381641,2.39091,10.9235,27.40194845199585,0.250400318288,0.128859,0.0,1334.31630433,100,53.857829570770264
0.00419247,1.35523,0.811262,5600.0,24.929194927215576,560.0,0.00957966,2.39282,10.9443,25.148725271224976,0.132689954547,0.0114888,0.0,1263.72465355,100,79.01994633674622
-0.124036,39.4558,0.812857,5500.0,27.592613220214844,666.0,0.00948064,2.39761,10.9969,27.767920970916748,0.191017804375,0.09632,0.0,1442.51308486,100,106.81677412986755
-0.0154087,6.38074,0.815136,5500.0,24.14675259590149,598.0,0.00261249,2.40235,11.0491,24.40341591835022,0.118864907263,0.041486,0.0,1370.76475006,100,131.2402024269104
-0.00365449,3.22356,0.815185,5500.0,25.369139194488525,344.0,-0.00473807,2.40366,11.0636,25.486999988555908,0.100116729149,0.0240273,0.0,1029.10835192,100,156.75521993637085
-0.00302742,2.10768,0.814077,6500.0,25.66272783279419,533.0,0.00174707,2.40129,11.0374,25.809489250183105,0.157028577899,0.00641423,0.0,1293.68118174,100,182.5738844871521
