ItrTime,TotalExecTime,ExplainedVariance,MaxKL,MeanKL,NumTrajs,LossAfter,StdReturn,AverageReturn,AveragePolicyStd,Time,MinReturn,Perplexity,Entropy,MaxReturn,LossBefore
23.16819190979004,23.047508716583252,1,0.0,0.0,100,-0.0,0.0,0.0,0.914382,23.16818881034851,0.0,14.2624,2.65763,0.0,-0.0
24.82992172241211,24.57936692237854,0.149133009182,1.74524,0.0271535,100,-0.00430269,89.5488693396,9.0,0.914382,48.00253176689148,0.0,14.2624,2.65763,900.0,-0.00380687
25.93739604949951,25.875844717025757,0.274489063026,0.571938,0.00629812,100,-0.0116844,204.0,28.0,0.913544,73.94690132141113,0.0,14.2353,2.65573,1800.0,-0.00900101
24.284279584884644,24.199740171432495,0.112346618005,1.30085,0.0166004,100,-0.0103467,126.791166885,18.0,0.911425,98.23749423027039,0.0,14.1714,2.65123,1000.0,-0.00803676
29.159169673919678,29.009532690048218,0.0690476495769,0.960071,0.00833106,100,0.00100361,278.59648239,28.0,0.909471,127.40426230430603,0.0,14.1146,2.64721,2800.0,0.00402207
28.02905035018921,27.947444677352905,0.089116834092,0.516063,0.00775584,100,0.00698062,39.7994974843,4.0,0.910284,155.44191670417786,0.0,14.143,2.64922,400.0,0.00868851
25.28125,25.222347259521484,0.0626656383052,0.156899,0.0022826,100,0.00192903,198.997487421,20.0,0.912305,180.73920798301697,0.0,14.2045,2.65356,2000.0,0.00325979
