Entropy,AverageReturn,ItrTime,TotalExecTime,Perplexity,LossAfter,LossBefore,MeanKL,ExplainedVariance,NumTrajs,MaxKL,MaxReturn,Time,MinReturn,AveragePolicyStd,StdReturn
2.7481,430.0,27.231391668319702,26.899174451828003,15.613,-0.023911,-0.0145491,0.0309475,0.328368996586,20,0.324337,5700.0,27.231388092041016,0.0,0.956152,1292.32348891
2.73355,640.0,24.027415990829468,23.924633026123047,15.3875,-0.020618,-0.00310392,0.0279141,0.582655157629,20,0.514503,11600.0,51.2623188495636,0.0,0.949214,2527.92404949
2.732,2940.0,24.013938903808594,23.969104051589966,15.3636,-0.0016284,0.0108433,0.0384898,0.568519849559,20,0.218138,21100.0,75.2843770980835,0.0,0.948472,5641.40053533
2.73742,4265.0,23.731241703033447,23.54082942008972,15.4471,-0.00834563,0.00336239,0.0592917,0.591625289339,20,0.475177,20300.0,99.02091193199158,0.0,0.951018,7425.04377091
2.73911,660.0,23.129130125045776,23.015700817108154,15.4731,-0.0115319,-0.00496973,0.023905,0.286452500803,20,0.231001,4900.0,122.15615177154541,0.0,0.951817,1473.22774886
2.73662,1640.0,23.2469482421875,23.159327030181885,15.4347,-0.0018524,0.00152651,0.00943022,0.447892454255,20,0.0746711,12000.0,145.42011308670044,0.0,0.950638,3473.24056178
2.73738,1300.0,23.58978581428528,23.54158592224121,15.4465,0.00449704,0.00656093,0.00113735,0.621907301385,20,0.00882773,8000.0,169.04331612586975,0.0,0.950995,2658.38296714
