NumTrajs,AveragePolicyStd,ItrTime,MeanKL,AverageReturn,MinReturn,LossAfter,StdReturn,ExplainedVariance,Perplexity,MaxKL,Time,Entropy,LossBefore,MaxReturn
334,0.884549,154.50781393051147,0.00870026,82.9341317365,0.0,-0.00230307,607.864438261,0.0984435947129,13.3605,0.159637,154.50780987739563,2.5923,-0.000724205,5800.0
