MaxReturn,StdReturn,MaxKL,AveragePolicyStd,NumTrajs,MeanKL,AverageReturn,Entropy,LossAfter,LossBefore,Time,ExplainedVariance,TotalExecTime,MinReturn,Perplexity,ItrTime
3900.0,444.489594929,6.55885,0.914382,100,0.144326,77.0,2.65763,0.00231284,0.0153068,25.688931703567505,0.140036241138,25.337219953536987,0.0,14.2624,25.688936948776245
1500.0,155.109638643,0.237363,0.921592,100,0.00589307,21.0,2.67294,-0.001188,0.000368539,49.167319774627686,0.0736821252755,23.353715658187866,0.0,14.4824,23.47402787208557
1400.0,189.892074611,4.53762,0.921656,100,0.0557663,29.0,2.67312,0.0066292,0.0104592,73.33094620704651,0.150258348836,24.09212040901184,0.0,14.4851,24.156421899795532
2600.0,418.352721994,0.736023,0.924216,100,0.00910333,109.0,2.67835,-0.0229112,-0.0178411,98.35578799247742,0.231814044782,24.824520587921143,0.0,14.561,25.002094745635986
1900.0,245.965444728,3.73064,0.920175,100,0.0846159,51.0,2.66943,-0.00213764,0.00188033,126.84460353851318,0.121950361562,28.25320339202881,0.0,14.4317,28.478060007095337
3500.0,535.547383525,3.55625,0.920573,100,0.0594147,117.0,2.67037,-0.00795727,-0.00634515,146.64632964134216,0.156569003639,19.689103603363037,0.0,14.4453,19.794622659683228
3300.0,389.173483167,0.179718,0.919079,100,0.00322978,88.0,2.6672,0.00699644,0.00969737,170.63208675384521,0.168244128926,23.91219186782837,0.0,14.3996,23.97366166114807
