TotalExecTime,LossBefore,Entropy,ItrTime,Perplexity,MeanKL,MaxReturn,LossAfter,AveragePolicyStd,ExplainedVariance,MaxKL,StdReturn,AverageReturn,Time,NumTrajs,MinReturn
19.10592532157898,-0.00849611,2.39853,19.274452209472656,11.007,0.0499945,1200.0,-0.0064929,0.813754,0.0430973888915,8.90239,249.206741482,64.0,19.274444341659546,100,0.0
26.178590774536133,-0.00848709,2.39004,26.371091842651367,10.9139,0.00910757,1300.0,-0.00679479,0.809429,0.0280740764781,1.61085,233.004291806,53.0,45.65279507637024,100,0.0
26.561570405960083,-0.0139052,2.38579,26.748077154159546,10.8677,0.379556,3000.0,0.23942,0.808187,0.0456803387978,88.0826,498.673239707,165.0,72.41685724258423,100,0.0
24.296923637390137,0.0178244,2.37884,24.53803825378418,10.7924,0.0144175,3800.0,0.0144025,0.805354,0.0667296729779,0.995441,638.669711197,201.0,96.96376848220825,100,0.0
25.96248745918274,-0.00236989,2.38775,26.104129314422607,10.889,0.00263046,4100.0,-0.00522078,0.809019,0.0535803403621,0.350031,557.401112306,152.0,123.07234764099121,100,0.0
23.470621824264526,0.0207219,2.38657,23.64428186416626,10.8761,0.00267704,3600.0,0.0188164,0.80906,0.100303054072,0.569986,500.955087807,138.0,146.75192880630493,100,0.0
26.913462162017822,0.00436585,2.39693,27.114296913146973,10.9894,0.00178208,4800.0,0.0029506,0.813595,0.0808067371005,0.0919974,841.626995765,308.0,173.87216353416443,100,0.0
