LossBefore,MeanKL,MaxKL,TotalExecTime,NumTrajs,ExplainedVariance,ItrTime,AveragePolicyStd,StdReturn,MinReturn,AverageReturn,MaxReturn,LossAfter,Perplexity,Time,Entropy
-0.0,0.0,0.0,10.911096334457397,20,1,10.986417293548584,0.916796,0.0,0.0,0.0,0.0,-0.0,14.3157,10.986405849456787,2.66136
-0.0,0.0,0.0,9.591142177581787,20,1,9.648977518081665,0.916796,0.0,0.0,0.0,0.0,-0.0,14.3157,20.643421411514282,2.66136
-0.0,0.0,0.0,7.693117618560791,20,1,7.734313726425171,0.916796,0.0,0.0,0.0,0.0,-0.0,14.3157,28.383219242095947,2.66136
-0.0,0.0,0.0,8.233285188674927,20,1,8.279735565185547,0.916796,0.0,0.0,0.0,0.0,-0.0,14.3157,36.671714067459106,2.66136
-0.0,0.0,0.0,10.316742658615112,20,1,10.351809978485107,0.916796,0.0,0.0,0.0,0.0,-0.0,14.3157,47.02902817726135,2.66136
